{
  "synergy_analytics": {
    "enabled": false,
    "min_games_threshold": 10,
    "cache_results": true,
    "auto_recalculate": false,
    "max_team_size": 6,
    "commands": {
      "synergy": true,
      "best_duos": true,
      "team_builder": true,
      "player_impact": true
    }
  },
  "performance": {
    "query_timeout": 5,
    "max_concurrent_queries": 3,
    "cache_ttl": 3600
  },
  "error_handling": {
    "fail_silently": true,
    "log_errors": true,
    "notify_admin_on_error": false,
    "admin_channel_id": null
  }
}