{
  "raw_file_to_db": {
    "damage_given": "damage_given",
    "damage_received": "damage_received",
    "team_damage_given": "team_damage_given",
    "team_damage_received": "team_damage_received",
    "gibs": "gibs",
    "self_kills": "self_kills",
    "team_kills": "team_kills",
    "team_gibs": "team_gibs",
    "xp": "xp",
    "kill_assists": "kill_assists",
    "kill_steals": "kill_steals",
    "headshot_kills": "headshot_kills",
    "objectives_stolen": "objectives_stolen",
    "objectives_returned": "objectives_returned",
    "dynamites_planted": "dynamites_planted",
    "dynamites_defused": "dynamites_defused",
    "times_revived": "times_revived",
    "bullets_fired": "bullets_fired",
    "time_played_minutes": "time_played_minutes",
    "tank_meatshield": "tank_meatshield",
    "time_dead_minutes": "time_dead_minutes",
    "useless_kills": "useless_kills",
    "revives_given": "revives_given",
    "denied_playtime": "denied_playtime",
    "killing_spree": "killing_spree_best",
    "death_spree": "death_spree_worst",
    "useful_kills": "most_useful_kills",
    "multikill_2x": "double_kills",
    "multikill_3x": "triple_kills",
    "multikill_4x": "quad_kills",
    "multikill_5x": "multi_kills",
    "multikill_6x": "mega_kills",
    "repairs_constructions": "constructions",
    "time_played_percent": null,
    "full_selfkills": null,
    "dpm": "dpm",
    "kd_ratio": "kd_ratio",
    "time_dead_ratio": "time_dead_ratio"
  },
  "calculation_notes": {
    "dpm": "Recalculated by DB: (damage_given * 60) / time_played_seconds",
    "kd_ratio": "Recalculated by DB: kills / deaths",
    "efficiency": "Calculated by DB: kills / (kills + deaths) * 100",
    "time_dead_ratio": "May differ due to rounding in differential calculation",
    "headshot_kills": "Comes from weapon stats aggregation, not extended stats"
  }
}